post_title,post_name,post_parent,ID,post_excerpt,post_status,product_url,tax:language,tax:post_translations,tax:product_brand,tax:product_type,tax:product_visibility,tax:product_cat,tax:product_tag,tax:product_shipping_class,attribute:Colors,attribute_data:Colors,attribute:pa_kolir,attribute_data:pa_kolir,attribute:pa_nick_name,attribute_data:pa_nick_name,attribute:pa_obem-ml,attribute_data:pa_obem-ml,attribute:pa_texture,attribute_data:pa_texture,attribute:pa_vyd,attribute_data:pa_vyd,attribute:pa_vyd_bazy,attribute_data:pa_vyd_bazy,attribute:pa_vyd_topy,attribute_data:pa_vyd_topy
"K Dream",k-dream,,383,"An dico accommodare ius, porro mnesarchum pro in. Cetero fierent urbanitas eam id, sed movet voluptua ut. Eu agam malorum nec. Eu has vide putent, dico option nominati no eam. Ea erant impetus consequuntur eos, velit congue vidisse eos ne. Est dicat doming te, inani eruditi iudicabit mei ea. Sed id prima soluta legimus.",draft,,Українська,,,simple,rated-5,Uncategorized,"Make Up",,,,,,,,,,,,,,,,,
Lotion,lotion,,384,"An dico accommodare ius, porro mnesarchum pro in. Cetero fierent urbanitas eam id, sed movet voluptua ut. Eu agam malorum nec. Eu has vide putent, dico option nominati no eam. Ea erant impetus consequuntur eos, velit congue vidisse eos ne. Est dicat doming te, inani eruditi iudicabit mei ea. Sed id prima soluta legimus.",draft,,Українська,,,simple,rated-5,Uncategorized,"Make Up",,,,,,,,,,,,,,,,,
Creme,creme,,385,"An dico accommodare ius, porro mnesarchum pro in. Cetero fierent urbanitas eam id, sed movet voluptua ut. Eu agam malorum nec. Eu has vide putent, dico option nominati no eam. Ea erant impetus consequuntur eos, velit congue vidisse eos ne. Est dicat doming te, inani eruditi iudicabit mei ea. Sed id prima soluta legimus.",draft,,Українська,,,simple,rated-5,Uncategorized,"Make Up",,,,,,,,,,,,,,,,,
Drops,drops,,387,"An dico accommodare ius, porro mnesarchum pro in. Cetero fierent urbanitas eam id, sed movet voluptua ut. Eu agam malorum nec. Eu has vide putent, dico option nominati no eam. Ea erant impetus consequuntur eos, velit congue vidisse eos ne. Est dicat doming te, inani eruditi iudicabit mei ea. Sed id prima soluta legimus.",draft,,Українська,,,simple,rated-5,Uncategorized,"Make Up",,,,,,,,,,,,,,,,,
Lipstick,lipstick,,388,"An dico accommodare ius, porro mnesarchum pro in. Cetero fierent urbanitas eam id, sed movet voluptua ut. Eu agam malorum nec. Eu has vide putent, dico option nominati no eam. Ea erant impetus consequuntur eos, velit congue vidisse eos ne. Est dicat doming te, inani eruditi iudicabit mei ea. Sed id prima soluta legimus.",draft,,Українська,,,simple,rated-5,Uncategorized,"Make Up",,,,,,,,,,,,,,,,,
"Easy Creme",easy-creme,,389,"An dico accommodare ius, porro mnesarchum pro in. Cetero fierent urbanitas eam id, sed movet voluptua ut. Eu agam malorum nec. Eu has vide putent, dico option nominati no eam. Ea erant impetus consequuntur eos, velit congue vidisse eos ne. Est dicat doming te, inani eruditi iudicabit mei ea. Sed id prima soluta legimus.",draft,,Українська,,,simple,rated-5,Uncategorized,"Body Oil|Foundation|Make Up",,,,,,,,,,,,,,,,,
"Intense Cream",intense-cream,,398,"An dico accommodare ius, porro mnesarchum pro in. Cetero fierent urbanitas eam id, sed movet voluptua ut. Eu agam malorum nec. Eu has vide putent, dico option nominati no eam. Ea erant impetus consequuntur eos, velit congue vidisse eos ne. Est dicat doming te, inani eruditi iudicabit mei ea. Sed id prima soluta legimus.",draft,,Українська,,,simple,rated-5,Uncategorized,"Make Up",,,,,,,,,,,,,,,,,
Perfume,perfume,,419,"An dico accommodare ius, porro mnesarchum pro in. Cetero fierent urbanitas eam id, sed movet voluptua ut. Eu agam malorum nec. Eu has vide putent, dico option nominati no eam. Ea erant impetus consequuntur eos, velit congue vidisse eos ne. Est dicat doming te, inani eruditi iudicabit mei ea. Sed id prima soluta legimus.",draft,,Українська,,,simple,rated-5,Uncategorized,"Antiaging|Make Up",,,,,,,,,,,,,,,,,
Foam,foam,,420,"An dico accommodare ius, porro mnesarchum pro in. Cetero fierent urbanitas eam id, sed movet voluptua ut. Eu agam malorum nec. Eu has vide putent, dico option nominati no eam. Ea erant impetus consequuntur eos, velit congue vidisse eos ne. Est dicat doming te, inani eruditi iudicabit mei ea. Sed id prima soluta legimus.",draft,,Українська,,,simple,rated-5,Uncategorized,"Make Up",,,,,,,,,,,,,,,,,
Serum,serum,,421,"An dico accommodare ius, porro mnesarchum pro in. Cetero fierent urbanitas eam id, sed movet voluptua ut. Eu agam malorum nec. Eu has vide putent, dico option nominati no eam. Ea erant impetus consequuntur eos, velit congue vidisse eos ne. Est dicat doming te, inani eruditi iudicabit mei ea. Sed id prima soluta legimus.",draft,,Українська,,,simple,rated-5,Uncategorized,"Make Up",,,,,,,,,,,,,,,,,
"Creme Mild",creme-mild,,422,"An dico accommodare ius, porro mnesarchum pro in. Cetero fierent urbanitas eam id, sed movet voluptua ut. Eu agam malorum nec. Eu has vide putent, dico option nominati no eam. Ea erant impetus consequuntur eos, velit congue vidisse eos ne. Est dicat doming te, inani eruditi iudicabit mei ea. Sed id prima soluta legimus.",draft,,Українська,,,simple,rated-5,Uncategorized,"Make Up",,,,,,,,,,,,,,,,,
"D Dream",d-dream,,424,"An dico accommodare ius, porro mnesarchum pro in. Cetero fierent urbanitas eam id, sed movet voluptua ut. Eu agam malorum nec. Eu has vide putent, dico option nominati no eam. Ea erant impetus consequuntur eos, velit congue vidisse eos ne. Est dicat doming te, inani eruditi iudicabit mei ea. Sed id prima soluta legimus.",draft,,Українська,,,simple,rated-5,Uncategorized,"Make Up",,,,,,,,,,,,,,,,,
"Creme Z",creme-z,,535,"An dico accommodare ius, porro mnesarchum pro in. Cetero fierent urbanitas eam id, sed movet voluptua ut. Eu agam malorum nec. Eu has vide putent, dico option nominati no eam. Ea erant impetus consequuntur eos, velit congue vidisse eos ne. Est dicat doming te, inani eruditi iudicabit mei ea. Sed id prima soluta legimus.",draft,,Українська,pll_67f4fccf57050,,simple,rated-5,Uncategorized,"Make Up",,,,,,,,,,,,,,,,,
Balm,balm,,576,"An dico accommodare ius, porro mnesarchum pro in. Cetero fierent urbanitas eam id, sed movet voluptua ut. Eu agam malorum nec. Eu has vide putent, dico option nominati no eam. Ea erant impetus consequuntur eos, velit congue vidisse eos ne. Est dicat doming te, inani eruditi iudicabit mei ea. Sed id prima soluta legimus.",draft,,Українська,pll_67f4fd2d5ffcb,,simple,rated-5,Uncategorized,"Make Up",,,,,,,,,,,,,,,,,
"Easy Spray",easy-spray,,577,"An dico accommodare ius, porro mnesarchum pro in. Cetero fierent urbanitas eam id, sed movet voluptua ut. Eu agam malorum nec. Eu has vide putent, dico option nominati no eam. Ea erant impetus consequuntur eos, velit congue vidisse eos ne. Est dicat doming te, inani eruditi iudicabit mei ea. Sed id prima soluta legimus.",draft,,Українська,pll_67f4fd7e6f797,,simple,rated-5,Uncategorized,"Body Oil|Foundation|Make Up",,,,,,,,,,,,,,,,,
"Tint Balm",tint-balm,,578,"An dico accommodare ius, porro mnesarchum pro in. Cetero fierent urbanitas eam id, sed movet voluptua ut. Eu agam malorum nec. Eu has vide putent, dico option nominati no eam. Ea erant impetus consequuntur eos, velit congue vidisse eos ne. Est dicat doming te, inani eruditi iudicabit mei ea. Sed id prima soluta legimus.",draft,,Українська,pll_67f4fdd1e6c57,,simple,rated-5,Uncategorized,"Make Up",,,,,,,,,,,,,,,,,
"A Dream",a-dream,,586,"An dico accommodare ius, porro mnesarchum pro in. Cetero fierent urbanitas eam id, sed movet voluptua ut. Eu agam malorum nec. Eu has vide putent, dico option nominati no eam. Ea erant impetus consequuntur eos, velit congue vidisse eos ne. Est dicat doming te, inani eruditi iudicabit mei ea. Sed id prima soluta legimus.",draft,,Українська,,,simple,rated-5,Uncategorized,"Make Up",,,,,,,,,,,,,,,,,
"Lotion K",lotion-k,,587,"An dico accommodare ius, porro mnesarchum pro in. Cetero fierent urbanitas eam id, sed movet voluptua ut. Eu agam malorum nec. Eu has vide putent, dico option nominati no eam. Ea erant impetus consequuntur eos, velit congue vidisse eos ne. Est dicat doming te, inani eruditi iudicabit mei ea. Sed id prima soluta legimus.",draft,,Українська,,,simple,rated-5,Uncategorized,"Make Up",,,,,,,,,,,,,,,,,
"Drops for Eyes",drops-for-eyes,,588,"An dico accommodare ius, porro mnesarchum pro in. Cetero fierent urbanitas eam id, sed movet voluptua ut. Eu agam malorum nec. Eu has vide putent, dico option nominati no eam. Ea erant impetus consequuntur eos, velit congue vidisse eos ne. Est dicat doming te, inani eruditi iudicabit mei ea. Sed id prima soluta legimus.",draft,,Українська,,,simple,rated-5,Uncategorized,"Make Up",,,,,,,,,,,,,,,,,
"Lipstick Mat",lipstick-mat,,589,"An dico accommodare ius, porro mnesarchum pro in. Cetero fierent urbanitas eam id, sed movet voluptua ut. Eu agam malorum nec. Eu has vide putent, dico option nominati no eam. Ea erant impetus consequuntur eos, velit congue vidisse eos ne. Est dicat doming te, inani eruditi iudicabit mei ea. Sed id prima soluta legimus.",draft,,Українська,,,simple,rated-5,Uncategorized,"Make Up",,,,,,,,,,,,,,,,,
"S Dream",s-dream,,590,"An dico accommodare ius, porro mnesarchum pro in. Cetero fierent urbanitas eam id, sed movet voluptua ut. Eu agam malorum nec. Eu has vide putent, dico option nominati no eam. Ea erant impetus consequuntur eos, velit congue vidisse eos ne. Est dicat doming te, inani eruditi iudicabit mei ea. Sed id prima soluta legimus.",draft,,Українська,,,simple,rated-5,Uncategorized,"Make Up",,,,,,,,,,,,,,,,,
"Soap Natural",soap-natural,,625,"An dico accommodare ius, porro mnesarchum pro in. Cetero fierent urbanitas eam id, sed movet voluptua ut. Eu agam malorum nec. Eu has vide putent, dico option nominati no eam. Ea erant impetus consequuntur eos, velit congue vidisse eos ne. Est dicat doming te, inani eruditi iudicabit mei ea. Sed id prima soluta legimus.",draft,,Українська,,,simple,rated-5,Uncategorized,"Make Up",,,,,,,,,,,,,,,,,
"Eyeshadow Guard",eyeshadow-guard,,635,"An dico accommodare ius, porro mnesarchum pro in. Cetero fierent urbanitas eam id, sed movet voluptua ut. Eu agam malorum nec. Eu has vide putent, dico option nominati no eam. Ea erant impetus consequuntur eos, velit congue vidisse eos ne. Est dicat doming te, inani eruditi iudicabit mei ea. Sed id prima soluta legimus.",draft,,Українська,,,simple,rated-5,Uncategorized,"Make Up",,,,,,,,,,,,,,,,,
"Lipstick Matte",lipstick-matte,,649,"An dico accommodare ius, porro mnesarchum pro in. Cetero fierent urbanitas eam id, sed movet voluptua ut. Eu agam malorum nec. Eu has vide putent, dico option nominati no eam. Ea erant impetus consequuntur eos, velit congue vidisse eos ne. Est dicat doming te, inani eruditi iudicabit mei ea. Sed id prima soluta legimus.",draft,,Українська,,,simple,rated-5,Uncategorized,"Make Up",,,,,,,,,,,,,,,,,
"Powder Puff",powder-puff,,655,"An dico accommodare ius, porro mnesarchum pro in. Cetero fierent urbanitas eam id, sed movet voluptua ut. Eu agam malorum nec. Eu has vide putent, dico option nominati no eam. Ea erant impetus consequuntur eos, velit congue vidisse eos ne. Est dicat doming te, inani eruditi iudicabit mei ea. Sed id prima soluta legimus.",draft,,Українська,,,simple,rated-5,Uncategorized,"Make Up",,,,,,,,,,,,,,,,,
"Tonic Lotion",tonic-lotion,,661,"An dico accommodare ius, porro mnesarchum pro in. Cetero fierent urbanitas eam id, sed movet voluptua ut. Eu agam malorum nec. Eu has vide putent, dico option nominati no eam. Ea erant impetus consequuntur eos, velit congue vidisse eos ne. Est dicat doming te, inani eruditi iudicabit mei ea. Sed id prima soluta legimus.",draft,,Українська,,,simple,rated-5,Uncategorized,"Make Up",,,,,,,,,,,,,,,,,
"Nail Polish",nail-polish,,667,"An dico accommodare ius, porro mnesarchum pro in. Cetero fierent urbanitas eam id, sed movet voluptua ut. Eu agam malorum nec. Eu has vide putent, dico option nominati no eam. Ea erant impetus consequuntur eos, velit congue vidisse eos ne. Est dicat doming te, inani eruditi iudicabit mei ea. Sed id prima soluta legimus.",draft,,Українська,,,simple,rated-5,Uncategorized,"Make Up",,,,,,,,,,,,,,,,,
"Micellar Water",micellar-water,,673,"An dico accommodare ius, porro mnesarchum pro in. Cetero fierent urbanitas eam id, sed movet voluptua ut. Eu agam malorum nec. Eu has vide putent, dico option nominati no eam. Ea erant impetus consequuntur eos, velit congue vidisse eos ne. Est dicat doming te, inani eruditi iudicabit mei ea. Sed id prima soluta legimus.",draft,,Українська,,,simple,rated-5,Uncategorized,"Make Up",,,,,,,,,,,,,,,,,
"Face Primer",face-primer,,679,"An dico accommodare ius, porro mnesarchum pro in. Cetero fierent urbanitas eam id, sed movet voluptua ut. Eu agam malorum nec. Eu has vide putent, dico option nominati no eam. Ea erant impetus consequuntur eos, velit congue vidisse eos ne. Est dicat doming te, inani eruditi iudicabit mei ea. Sed id prima soluta legimus.",draft,,Українська,,,simple,rated-5,Uncategorized,"Make Up",,,,,,,,,,,,,,,,,
"Posh Safari",posh-safari,,733,"An dico accommodare ius, porro mnesarchum pro in. Cetero fierent urbanitas eam id, sed movet voluptua ut. Eu agam malorum nec. Eu has vide putent, dico option nominati no eam. Ea erant impetus consequuntur eos, velit congue vidisse eos ne. Est dicat doming te, inani eruditi iudicabit mei ea. Sed id prima soluta legimus.",draft,,Українська,,,simple,rated-5,Uncategorized,"Make Up",,,,,,,,,,,,,,,,,
"Volume Express",volume-express,,739,"An dico accommodare ius, porro mnesarchum pro in. Cetero fierent urbanitas eam id, sed movet voluptua ut. Eu agam malorum nec. Eu has vide putent, dico option nominati no eam. Ea erant impetus consequuntur eos, velit congue vidisse eos ne. Est dicat doming te, inani eruditi iudicabit mei ea. Sed id prima soluta legimus.",draft,,Українська,,,simple,rated-5,Uncategorized,"Make Up",,,,,,,,,,,,,,,,,
"Panoramic Wheel",panoramic-wheel,,748,"An dico accommodare ius, porro mnesarchum pro in. Cetero fierent urbanitas eam id, sed movet voluptua ut. Eu agam malorum nec. Eu has vide putent, dico option nominati no eam. Ea erant impetus consequuntur eos, velit congue vidisse eos ne. Est dicat doming te, inani eruditi iudicabit mei ea. Sed id prima soluta legimus.",draft,,Українська,,,simple,rated-5,Uncategorized,"Make Up",,,,,,,,,,,,,,,,,
"Rose Safari",rose-safari,,868,"An dico accommodare ius, porro mnesarchum pro in. Cetero fierent urbanitas eam id, sed movet voluptua ut. Eu agam malorum nec. Eu has vide putent, dico option nominati no eam. Ea erant impetus consequuntur eos, velit congue vidisse eos ne. Est dicat doming te, inani eruditi iudicabit mei ea. Sed id prima soluta legimus.",draft,,Українська,,,simple,rated-5,Uncategorized,Antiaging|Beauty,,,,,,,,,,,,,,,,,
"Wild Palettes",wild-palettes,,874,"An dico accommodare ius, porro mnesarchum pro in. Cetero fierent urbanitas eam id, sed movet voluptua ut. Eu agam malorum nec. Eu has vide putent, dico option nominati no eam. Ea erant impetus consequuntur eos, velit congue vidisse eos ne. Est dicat doming te, inani eruditi iudicabit mei ea. Sed id prima soluta legimus.",draft,,Українська,,,simple,rated-5,Uncategorized,Antiaging|Beauty,,,,,,,,,,,,,,,,,
"Film Eyeshadow",film-eyeshadow,,880,"An dico accommodare ius, porro mnesarchum pro in. Cetero fierent urbanitas eam id, sed movet voluptua ut. Eu agam malorum nec. Eu has vide putent, dico option nominati no eam. Ea erant impetus consequuntur eos, velit congue vidisse eos ne. Est dicat doming te, inani eruditi iudicabit mei ea. Sed id prima soluta legimus.",draft,,Українська,,,simple,rated-5,Uncategorized,Antiaging|Beauty,,,,,,,,,,,,,,,,,
"Summer Mirage",summer-mirage,,886,"An dico accommodare ius, porro mnesarchum pro in. Cetero fierent urbanitas eam id, sed movet voluptua ut. Eu agam malorum nec. Eu has vide putent, dico option nominati no eam. Ea erant impetus consequuntur eos, velit congue vidisse eos ne. Est dicat doming te, inani eruditi iudicabit mei ea. Sed id prima soluta legimus.",draft,,Українська,,,simple,rated-5,Uncategorized,Antiaging|Beauty,,,,,,,,,,,,,,,,,
"Stick Lipstick",stick-lipstick,,892,"An dico accommodare ius, porro mnesarchum pro in. Cetero fierent urbanitas eam id, sed movet voluptua ut. Eu agam malorum nec. Eu has vide putent, dico option nominati no eam. Ea erant impetus consequuntur eos, velit congue vidisse eos ne. Est dicat doming te, inani eruditi iudicabit mei ea. Sed id prima soluta legimus.",draft,,Українська,,,simple,rated-5,Uncategorized,Antiaging|Beauty,,,,,,,,,,,,,,,,,
"Clean Cream",cleanser-cream,,908,"An dico accommodare ius, porro mnesarchum pro in. Cetero fierent urbanitas eam id, sed movet voluptua ut. Eu agam malorum nec. Eu has vide putent, dico option nominati no eam. Ea erant impetus consequuntur eos, velit congue vidisse eos ne. Est dicat doming te, inani eruditi iudicabit mei ea. Sed id prima soluta legimus.",draft,,Українська,,,simple,rated-5,Uncategorized,Antiaging|Beauty,,,,,,,,,,,,,,,,,
"Rewind Effect",rewind-effect,,914,"An dico accommodare ius, porro mnesarchum pro in. Cetero fierent urbanitas eam id, sed movet voluptua ut. Eu agam malorum nec. Eu has vide putent, dico option nominati no eam. Ea erant impetus consequuntur eos, velit congue vidisse eos ne. Est dicat doming te, inani eruditi iudicabit mei ea. Sed id prima soluta legimus.",draft,,Українська,,,simple,rated-5,Uncategorized,Antiaging|Beauty,,,,,,,,,,,,,,,,,
"Hydra On",hydra-on,,920,"An dico accommodare ius, porro mnesarchum pro in. Cetero fierent urbanitas eam id, sed movet voluptua ut. Eu agam malorum nec. Eu has vide putent, dico option nominati no eam. Ea erant impetus consequuntur eos, velit congue vidisse eos ne. Est dicat doming te, inani eruditi iudicabit mei ea. Sed id prima soluta legimus.",draft,,Українська,,,simple,rated-5,Uncategorized,Antiaging|Beauty,,,,,,,,,,,,,,,,,
"Sebum Control",sebum-control,,926,"An dico accommodare ius, porro mnesarchum pro in. Cetero fierent urbanitas eam id, sed movet voluptua ut. Eu agam malorum nec. Eu has vide putent, dico option nominati no eam. Ea erant impetus consequuntur eos, velit congue vidisse eos ne. Est dicat doming te, inani eruditi iudicabit mei ea. Sed id prima soluta legimus.",draft,,Українська,,,simple,rated-5,Uncategorized,Antiaging|Beauty,,,,,,,,,,,,,,,,,
"Roll Eye Gel",roll-eye-gel,,932,"An dico accommodare ius, porro mnesarchum pro in. Cetero fierent urbanitas eam id, sed movet voluptua ut. Eu agam malorum nec. Eu has vide putent, dico option nominati no eam. Ea erant impetus consequuntur eos, velit congue vidisse eos ne. Est dicat doming te, inani eruditi iudicabit mei ea. Sed id prima soluta legimus.",draft,,Українська,,,simple,rated-5,Uncategorized,Antiaging|Beauty,,,,,,,,,,,,,,,,,
"Body Mist",body-mist,,938,"An dico accommodare ius, porro mnesarchum pro in. Cetero fierent urbanitas eam id, sed movet voluptua ut. Eu agam malorum nec. Eu has vide putent, dico option nominati no eam. Ea erant impetus consequuntur eos, velit congue vidisse eos ne. Est dicat doming te, inani eruditi iudicabit mei ea. Sed id prima soluta legimus.",draft,,Українська,,,simple,rated-5,Uncategorized,Antiaging|Beauty,,,,,,,,,,,,,,,,,
"Body Cream",body-cream,,944,"An dico accommodare ius, porro mnesarchum pro in. Cetero fierent urbanitas eam id, sed movet voluptua ut. Eu agam malorum nec. Eu has vide putent, dico option nominati no eam. Ea erant impetus consequuntur eos, velit congue vidisse eos ne. Est dicat doming te, inani eruditi iudicabit mei ea. Sed id prima soluta legimus.",draft,,Українська,,,simple,rated-5,Uncategorized,Antiaging|Beauty,,,,,,,,,,,,,,,,,
"Cream-Milk Ex",cream-milk-ex,,945,"An dico accommodare ius, porro mnesarchum pro in. Cetero fierent urbanitas eam id, sed movet voluptua ut. Eu agam malorum nec. Eu has vide putent, dico option nominati no eam. Ea erant impetus consequuntur eos, velit congue vidisse eos ne. Est dicat doming te, inani eruditi iudicabit mei ea. Sed id prima soluta legimus.",draft,,Українська,,,simple,rated-5,Uncategorized,Antiaging|Beauty,,,,,,,,,,,,,,,,,
"Moist Lotion",moisture-lotion,,946,"An dico accommodare ius, porro mnesarchum pro in. Cetero fierent urbanitas eam id, sed movet voluptua ut. Eu agam malorum nec. Eu has vide putent, dico option nominati no eam. Ea erant impetus consequuntur eos, velit congue vidisse eos ne. Est dicat doming te, inani eruditi iudicabit mei ea. Sed id prima soluta legimus.",draft,,Українська,,,simple,rated-5,Uncategorized,Antiaging|Beauty,,,,,,,,,,,,,,,,,
"Hand Cream",hand-cream,,947,"An dico accommodare ius, porro mnesarchum pro in. Cetero fierent urbanitas eam id, sed movet voluptua ut. Eu agam malorum nec. Eu has vide putent, dico option nominati no eam. Ea erant impetus consequuntur eos, velit congue vidisse eos ne. Est dicat doming te, inani eruditi iudicabit mei ea. Sed id prima soluta legimus.",draft,,Українська,,,simple,rated-5,Uncategorized,Antiaging|Beauty,,,,,,,,,,,,,,,,,
"Sweet Milk",sweet-milk,,948,"An dico accommodare ius, porro mnesarchum pro in. Cetero fierent urbanitas eam id, sed movet voluptua ut. Eu agam malorum nec. Eu has vide putent, dico option nominati no eam. Ea erant impetus consequuntur eos, velit congue vidisse eos ne. Est dicat doming te, inani eruditi iudicabit mei ea. Sed id prima soluta legimus.",draft,,Українська,,,simple,rated-5,Uncategorized,Antiaging|Beauty,,,,,,,,,,,,,,,,,
"Rest Complex",restore-complex,,949,"An dico accommodare ius, porro mnesarchum pro in. Cetero fierent urbanitas eam id, sed movet voluptua ut. Eu agam malorum nec. Eu has vide putent, dico option nominati no eam. Ea erant impetus consequuntur eos, velit congue vidisse eos ne. Est dicat doming te, inani eruditi iudicabit mei ea. Sed id prima soluta legimus.",draft,,Українська,,,simple,rated-5,Uncategorized,Antiaging|Beauty,,,,,,,,,,,,,,,,,
"Smooting Mask",smooting-mask,,1021,"An dico accommodare ius, porro mnesarchum pro in. Cetero fierent urbanitas eam id, sed movet voluptua ut. Eu agam malorum nec. Eu has vide putent, dico option nominati no eam. Ea erant impetus consequuntur eos, velit congue vidisse eos ne. Est dicat doming te, inani eruditi iudicabit mei ea. Sed id prima soluta legimus.",draft,,Українська,,,simple,rated-5,Uncategorized,"Body Oil|Organic",,,,,,,,,,,,,,,,,
"Lip Mask",lip-mask,,1027,"An dico accommodare ius, porro mnesarchum pro in. Cetero fierent urbanitas eam id, sed movet voluptua ut. Eu agam malorum nec. Eu has vide putent, dico option nominati no eam. Ea erant impetus consequuntur eos, velit congue vidisse eos ne. Est dicat doming te, inani eruditi iudicabit mei ea. Sed id prima soluta legimus.",draft,,Українська,,,simple,rated-5,Uncategorized,"Body Oil|Organic",,,,,,,,,,,,,,,,,
"Charcoal Mask",charcoal-mask,,1033,"An dico accommodare ius, porro mnesarchum pro in. Cetero fierent urbanitas eam id, sed movet voluptua ut. Eu agam malorum nec. Eu has vide putent, dico option nominati no eam. Ea erant impetus consequuntur eos, velit congue vidisse eos ne. Est dicat doming te, inani eruditi iudicabit mei ea. Sed id prima soluta legimus.",draft,,Українська,,,simple,rated-5,Uncategorized,"Body Oil|Organic",,,,,,,,,,,,,,,,,
"Instant Detox",instant-detox,,1040,"An dico accommodare ius, porro mnesarchum pro in. Cetero fierent urbanitas eam id, sed movet voluptua ut. Eu agam malorum nec. Eu has vide putent, dico option nominati no eam. Ea erant impetus consequuntur eos, velit congue vidisse eos ne. Est dicat doming te, inani eruditi iudicabit mei ea. Sed id prima soluta legimus.",draft,,Українська,,,simple,rated-5,Uncategorized,"Body Oil|Organic",,,,,,,,,,,,,,,,,
"Total Radiant",total-radiant,,1050,"An dico accommodare ius, porro mnesarchum pro in. Cetero fierent urbanitas eam id, sed movet voluptua ut. Eu agam malorum nec. Eu has vide putent, dico option nominati no eam. Ea erant impetus consequuntur eos, velit congue vidisse eos ne. Est dicat doming te, inani eruditi iudicabit mei ea. Sed id prima soluta legimus.",draft,,Українська,,,simple,rated-5,Uncategorized,"Body Oil|Organic",,,,,,,,,,,,,,,,,
"Volume Conditioner",volume-conditioner,,1998,"An dico accommodare ius, porro mnesarchum pro in. Cetero fierent urbanitas eam id, sed movet voluptua ut. Eu agam malorum nec. Eu has vide putent, dico option nominati no eam. Ea erant impetus consequuntur eos, velit congue vidisse eos ne. Est dicat doming te, inani eruditi iudicabit mei ea. Sed id prima soluta legimus.",draft,,Українська,,,simple,rated-5,Uncategorized,"Make Up",,,,,,,,,,,,,,,,,
Poster,poster,,2116,"An dico accommodare ius, porro mnesarchum pro in. Cetero fierent urbanitas eam id, sed movet voluptua ut. Eu agam malorum nec. Eu has vide putent, dico option nominati no eam. Ea erant impetus consequuntur eos, velit congue vidisse eos ne. Est dicat doming te, inani eruditi iudicabit mei ea. Sed id prima soluta legimus.",draft,,Українська,,,simple,rated-5,Uncategorized,"Make Up",,,,,,,,,,,,,,,,,
"Raja Perfume",raja-perfume,,2121,"An dico accommodare ius, porro mnesarchum pro in. Cetero fierent urbanitas eam id, sed movet voluptua ut. Eu agam malorum nec. Eu has vide putent, dico option nominati no eam. Ea erant impetus consequuntur eos, velit congue vidisse eos ne. Est dicat doming te, inani eruditi iudicabit mei ea. Sed id prima soluta legimus.",draft,,Українська,,,simple,rated-5,Uncategorized,"Make Up",,,,,,,,,,,,,,,,,
"Mate Green Lipstick",mate-green-lipstick,,2122,"An dico accommodare ius, porro mnesarchum pro in. Cetero fierent urbanitas eam id, sed movet voluptua ut. Eu agam malorum nec. Eu has vide putent, dico option nominati no eam. Ea erant impetus consequuntur eos, velit congue vidisse eos ne. Est dicat doming te, inani eruditi iudicabit mei ea. Sed id prima soluta legimus.",draft,https://www.amazon.com/Lipstick-LPaige-long-lasting-mosturizing-AloeVera/dp/B0001K55RM/ref=sr_1_11?keywords=green+lipstick&qid=1566995309&s=gateway&sr=8-11,Українська,,,external,rated-5,Uncategorized,"Make Up",,,,,,,,,,,,,,,,,
"Lipstick Bundle",lipstick-bundle,,2124,"An dico accommodare ius, porro mnesarchum pro in. Cetero fierent urbanitas eam id, sed movet voluptua ut. Eu agam malorum nec. Eu has vide putent, dico option nominati no eam. Ea erant impetus consequuntur eos, velit congue vidisse eos ne. Est dicat doming te, inani eruditi iudicabit mei ea. Sed id prima soluta legimus.",draft,,Українська,,,grouped,rated-5,Uncategorized,"Make Up",,,,,,,,,,,,,,,,,
"Pink Lipstick",pink-lipstick,,4933,"An dico accommodare ius, porro mnesarchum pro in. Cetero fierent urbanitas eam id, sed movet voluptua ut. Eu agam malorum nec. Eu has vide putent, dico option nominati no eam. Ea erant impetus consequuntur eos, velit congue vidisse eos ne. Est dicat doming te, inani eruditi iudicabit mei ea. Sed id prima soluta legimus.",draft,,Українська,,,simple,rated-5,Uncategorized,Cosmetic,,,,,,,,,,,,,,,,,
"Hand Creme",hand-creme,,4934,"An dico accommodare ius, porro mnesarchum pro in. Cetero fierent urbanitas eam id, sed movet voluptua ut. Eu agam malorum nec. Eu has vide putent, dico option nominati no eam. Ea erant impetus consequuntur eos, velit congue vidisse eos ne. Est dicat doming te, inani eruditi iudicabit mei ea. Sed id prima soluta legimus.",draft,,Українська,,,simple,rated-5,Uncategorized,"Make Up|Organic|Skin Solution",,,,,,,,,,,,,,,,,
"Beauty Toner",beauty-toner,,4935,"An dico accommodare ius, porro mnesarchum pro in. Cetero fierent urbanitas eam id, sed movet voluptua ut. Eu agam malorum nec. Eu has vide putent, dico option nominati no eam. Ea erant impetus consequuntur eos, velit congue vidisse eos ne. Est dicat doming te, inani eruditi iudicabit mei ea. Sed id prima soluta legimus.",draft,,Українська,,,simple,rated-5,Uncategorized,"Cosmetic|Make Up",,,,,,,,,,,,,,,,,
"Eye Drops",eye-drops,,4936,"An dico accommodare ius, porro mnesarchum pro in. Cetero fierent urbanitas eam id, sed movet voluptua ut. Eu agam malorum nec. Eu has vide putent, dico option nominati no eam. Ea erant impetus consequuntur eos, velit congue vidisse eos ne. Est dicat doming te, inani eruditi iudicabit mei ea. Sed id prima soluta legimus.",draft,,Українська,,,simple,rated-5,Uncategorized,"Cosmetic|Make Up",,,,,,,,,,,,,,,,,
"Rose Lipstick",rose-lipstick,,4937,"An dico accommodare ius, porro mnesarchum pro in. Cetero fierent urbanitas eam id, sed movet voluptua ut. Eu agam malorum nec. Eu has vide putent, dico option nominati no eam. Ea erant impetus consequuntur eos, velit congue vidisse eos ne. Est dicat doming te, inani eruditi iudicabit mei ea. Sed id prima soluta legimus.",draft,,Українська,,,simple,rated-5,Uncategorized,"Cosmetic|Make Up",,,,,,,,,,,,,,,,,
"Coconut Hand Creme",coconut-hand-creme,,4938,"An dico accommodare ius, porro mnesarchum pro in. Cetero fierent urbanitas eam id, sed movet voluptua ut. Eu agam malorum nec. Eu has vide putent, dico option nominati no eam. Ea erant impetus consequuntur eos, velit congue vidisse eos ne. Est dicat doming te, inani eruditi iudicabit mei ea. Sed id prima soluta legimus.",draft,,Українська,,,simple,rated-5,Uncategorized,"Body Oil|Foundation|Make Up",,,,,,,,,,,,,,,,,
"Gula Creme",gula-creme,,4939,"An dico accommodare ius, porro mnesarchum pro in. Cetero fierent urbanitas eam id, sed movet voluptua ut. Eu agam malorum nec. Eu has vide putent, dico option nominati no eam. Ea erant impetus consequuntur eos, velit congue vidisse eos ne. Est dicat doming te, inani eruditi iudicabit mei ea. Sed id prima soluta legimus.",draft,,Українська,,,simple,rated-5,Uncategorized,"Cosmetic|Make Up",,,,,,,,,,,,,,,,,
"Hidrating Face Serum",hidrating-face-serum,,4940,"An dico accommodare ius, porro mnesarchum pro in. Cetero fierent urbanitas eam id, sed movet voluptua ut. Eu agam malorum nec. Eu has vide putent, dico option nominati no eam. Ea erant impetus consequuntur eos, velit congue vidisse eos ne. Est dicat doming te, inani eruditi iudicabit mei ea. Sed id prima soluta legimus.",draft,,Українська,,,simple,rated-5,Uncategorized,"Make Up",,,,,,,,,,,,,,,,,
"Peach Lipstick",peach-lipstick,,4941,"An dico accommodare ius, porro mnesarchum pro in. Cetero fierent urbanitas eam id, sed movet voluptua ut. Eu agam malorum nec. Eu has vide putent, dico option nominati no eam. Ea erant impetus consequuntur eos, velit congue vidisse eos ne. Est dicat doming te, inani eruditi iudicabit mei ea. Sed id prima soluta legimus.",draft,,Українська,,,simple,rated-5,Uncategorized,"Beauty|Make Up",,,,,,,,,,,,,,,,,
"Nude Lipstick",nude-lipstick,,4942,"An dico accommodare ius, porro mnesarchum pro in. Cetero fierent urbanitas eam id, sed movet voluptua ut. Eu agam malorum nec. Eu has vide putent, dico option nominati no eam. Ea erant impetus consequuntur eos, velit congue vidisse eos ne. Est dicat doming te, inani eruditi iudicabit mei ea. Sed id prima soluta legimus.",draft,,Українська,,,simple,rated-5,Uncategorized,"Make Up",,,,,,,,,,,,,,,,,
Moisturiser,moisturiser,,4943,"An dico accommodare ius, porro mnesarchum pro in. Cetero fierent urbanitas eam id, sed movet voluptua ut. Eu agam malorum nec. Eu has vide putent, dico option nominati no eam. Ea erant impetus consequuntur eos, velit congue vidisse eos ne. Est dicat doming te, inani eruditi iudicabit mei ea. Sed id prima soluta legimus.",draft,,Українська,,,simple,rated-5,Uncategorized,"Make Up",,,,,,,,,,,,,,,,,
"Red Perfume",red-perfume,,4944,"An dico accommodare ius, porro mnesarchum pro in. Cetero fierent urbanitas eam id, sed movet voluptua ut. Eu agam malorum nec. Eu has vide putent, dico option nominati no eam. Ea erant impetus consequuntur eos, velit congue vidisse eos ne. Est dicat doming te, inani eruditi iudicabit mei ea. Sed id prima soluta legimus.",draft,,Українська,,,simple,rated-5,Uncategorized,"Antiaging|Make Up",,,,,,,,,,,,,,,,,
"Violet Lipstick",violet-lipstick,,4945,"An dico accommodare ius, porro mnesarchum pro in. Cetero fierent urbanitas eam id, sed movet voluptua ut. Eu agam malorum nec. Eu has vide putent, dico option nominati no eam. Ea erant impetus consequuntur eos, velit congue vidisse eos ne. Est dicat doming te, inani eruditi iudicabit mei ea. Sed id prima soluta legimus.",draft,,Українська,,,simple,outofstock|rated-5,Uncategorized,"Make Up",,,,,,,,,,,,,,,,,
"Гель лак № 501",gel-lak-501,,5103,"ПЕРЕВАГИ ГЕЛЬ ЛАКІВ WEEX:
• - легко наносяться та не розтікаються;
• – щільні;
• - велика палітра кольорів;
• - вигідний обсяг – 11 мл;
• - забезпечують рівномірне покриття без залисин.
Гель лаки WEEX чудово сохнуть, як у LED, так і ультрафіолетовій лампі.",draft,,Українська,,,simple,,Uncategorized,,,,,,,,,11,0|1|0,,,,,,,,
"Light base 6",light-base-6,,5112,"Тестовий короткий опис товару",draft,,Українська,,,simple,,Uncategorized,,,,,Зелений,1|1|0,,,11,0|1|0,Емаль,2|1|0,,,,,,
"Камуфлююча база WEEX Light 5, 11 мл",kamuflyuyucha-baza-weex-light-5-11-ml,,5363,"<p>Камуфлююча база WEEX <b>Light 4</b> – це <b>персиково-бежевий відтінок</b>, що додає нігтям теплий і натуральний вигляд. Завдяки <b>еластичній текстурі та середньорідкій консистенції</b>, база легко вирівнюється, створюючи бездоганне покриття.</p>",publish,,Українська,pll_680fe4cacf49c,,simple,,"Бази > Камуфлюючі/Кольорові(емаль) > Light",,,,,Френч,0|1|0,,,11.0,0|1|0,,,База,0|1|0,Камуфлююча,0|1|0,,
"Гель для укріплення та реставрації WEEX builder gel Smart 1, 11 мл",hel-dlya-ukriplennya-ta-restavratsiyi-weex-builder-gel-smart-1-11-ml,,5870,"<p><br/>Smart Gel WEEX №1 — прозорий гель для зміцнення, вирівнювання та реставрації нігтів. Самовирівнюється, ідеальний для коротких і середніх нігтів.</p>",publish,,Українська,pll_680fe4cc9ca15,,simple,,"Укріплення та нарощування > Smart gel",,,,,,,,,11.0,0|1|0,,,Гель,0|1|0,,,,
"Гель лак WEEX 661, 11 мл",hel-lak-weex-661-11-ml,,6136,,publish,,Українська,pll_680fe4cd7cc84,,simple,,"Гель лак > Основна колекція. Basic collection",,,,,Червоний,0|1|0,,,11.0,0|1|0,,,Гель-лак,0|1|0,,,,
"Гель лак WEEX 778, 11 мл",hel-lak-weex-778-11-ml,,6281,"<p>Гель лак WEEX №778 <b>м’ятно-небесний</b> – це легкий, освіжаючий відтінок, що поєднує ніжну прохолоду м’яти з чистотою небесного блакитного. Він створює витончений та повітряний манікюр, що випромінює свіжість і гармонію.</p>",publish,,Українська,pll_680fe4cdf3c11,,simple,,"Гель лак > Основна колекція. Basic collection",,,,,Зелений,0|1|0,,,11.0,0|1|0,,,Гель-лак,0|1|0,,,,
"Гель лак котяче око Cat 11, 11 мл",hel-lak-kotyache-oko-cat-11-11-ml,,6345,"<p>Гель лак WEEX <b>Cat 11</b> – це <b>ніжний світло-бузковий відтінок</b> із <b>ефектом котячого ока</b>, що створює чарівний перелив світла. Його м’який блиск додає манікюру витонченості, роблячи його ідеальним для елегантного та романтичного образу.</p>",publish,,Українська,pll_680fe4ce33014,,simple,,"Гель лак > Котяче око. Cat eye",,,,,,,,,11.0,0|1|0,,,Гель-лак,0|1|0,,,,
"Гель лак WEEX Potal 1, 11 мл",hel-lak-weex-potal-1-11-ml,,6363,"<p>Гель лак WEEX <b>Potal 1</b> – це ніжний напівпрозорий світло-бежевий відтінок із додаванням пластівців різних розмірів. Витончене поєднання м’якого нюдового кольору та хаотично розташованих частинок створює стильний і сучасний манікюр із натуральним ефектом.</p>",publish,,Українська,pll_680fe4ce413f9,,simple,,"Бази > З ефектами > Potal",,,,,Молочний,0|1|0,,,11.0,0|1|0,,,Гель-лак,0|1|0,,,,
"Гель лак WEEX 661, 11 мл",gel-lak-weex-661-11-ml,,6766,,publish,,Українська,,,simple,,"Гель-лак > Основная коллекция. Basic collection",,,,,Червоний,0|1|0,,,11.0,0|1|0,,,Гель-лак,0|1|0,,,,
